11	4-Pyridoxic acid	6319	Vitamin B6 Consumption	NULL	Both	2.36 umol/day	NULL
519	Cotinine	309	Smoking	NULL	Both	0.05 mg/L	NULL
519	Cotinine	6655	Cotinine Exposure	All	Both	0.011 (0.0091-0.015) uM	Total population (1999 - 2000)
519	Cotinine	1	Normal	All	Both	0 uM	NULL
519	Cotinine	6655	Cotinine Exposure	All	Both	0.012 (0.010-0.014) uM	Total population (2001 - 2002**)
519	Cotinine	1	Normal	All	Both	0.00035 (0.00028-0.00044) uM	NULL
519	Cotinine	6655	Cotinine Exposure	All	Both	0.012 (0.010-0.014) uM	Total population (2003 - 2004)
519	Cotinine	1	Normal	All	Both	0.00040 (0.00032-0.00051) uM	NULL
519	Cotinine	6655	Cotinine Exposure	All	Both	0.0083 (0.0065-0.011) uM	Total population (2005 - 2006)
519	Cotinine	1	Normal	All	Both	0.00031 (0.00027-0.00035) uM	NULL
519	Cotinine	6655	Cotinine Exposure	All	Both	0.010 (0.0082-0.014) uM	Total population (2007 - 2008)
519	Cotinine	1	Normal	All	Both	0.00032 (0.00027-0.00039) uM	NULL
519	Cotinine	6655	Cotinine Exposure	All	Both	0.0073 (0.0059-0.0091) uM	Total population (2009 - 2010)
519	Cotinine	1	Normal	All	Both	0.00023 (0.00021-0.00026) uM	NULL
519	Cotinine	6655	Cotinine Exposure	All	Both	0.0074 (0.0050-0.0091) uM	Total population (2011 - 2012)
519	Cotinine	6655	Cotinine Exposure	All	Both	0.0087 (0.0060-0.011) uM	Total population (2013 - 2014)
573	Molybdenum	6666	Molybdenum Exposure	All	Both	0.15 (0.14-0.17) umol/mmol creatinine	Total population (2011 - 2012)
573	Molybdenum	1	Normal	All	Both	0.050 (0.048-0.051) umol/mmol creatinine	NULL
573	Molybdenum	6666	Molybdenum Exposure	All	Both	0.14 (0.13-0.15) umol/mmol creatinine	Total population (2013 - 2014)
573	Molybdenum	1	Normal	All	Both	0.046 (0.044-0.048) umol/mmol creatinine	NULL
573	Molybdenum	6666	Molybdenum Exposure	All	Both	0.15 (0.13-0.15) umol/mmol creatinine	Total population (2015 - 2016)
573	Molybdenum	1	Normal	All	Both	0.047 (0.045-0.049) umol/mmol creatinine	NULL
621	Thiocyanate	6687	Thiocyanate Exposure	All	Both	16.61 (13.11-21.23) umol/mmol creatinine	Total population (2011 - 2012)
621	Thiocyanate	1	Normal	All	Both	2.41 (2.30-2.55) umol/mmol creatinine	NULL
621	Thiocyanate	6687	Thiocyanate Exposure	All	Both	15.72 (13.87-18.17) umol/mmol creatinine	Total population (2013 - 2014)
621	Thiocyanate	1	Normal	All	Both	2.36 (2.20-2.51) umol/mmol creatinine	NULL
658	m-Coumaric acid	6282	Apple Consumption	Adult: >=18 yrs old	Both	5.4 umol/day	NULL
658	m-Coumaric acid	6375	Peach Consumption	Adult: >=18 yrs old	Both	5.4 umol/day	NULL
658	m-Coumaric acid	6376	Berries Consumption	Adult: >=18 yrs old	Both	5.4 umol/day	NULL
658	m-Coumaric acid	6377	Grapefruit Consumption	Adult: >=18 yrs old	Both	5.4 umol/day	NULL
658	m-Coumaric acid	6378	Grapefruit Juice Consumption	Adult: >=18 yrs old	Both	5.4 umol/day	NULL
658	m-Coumaric acid	6311	Orange Consumption	Adult: >=18 yrs old	Both	5.4 umol/day	NULL
658	m-Coumaric acid	6379	Orange Juice Consumption	Adult: >=18 yrs old	Both	5.4 umol/day	NULL
658	m-Coumaric acid	6285	Citrus Fruits Consumption	Adult: >=18 yrs old	Both	5.4 umol/day	NULL
658	m-Coumaric acid	6283	Fruits Consumption	Adult: >=18 yrs old	Both	5.4 umol/day	NULL
658	m-Coumaric acid	6284	Fruit Juices Consumption	Adult: >=18 yrs old	Both	5.4 umol/day	NULL
658	m-Coumaric acid	6288	Vegetables Consumption	Adult: >=18 yrs old	Both	5.4 umol/day	NULL
658	m-Coumaric acid	6314	Onion Consumption	Adult: >=18 yrs old	Both	5.4 umol/day	NULL
658	m-Coumaric acid	6303	Chocolate Consumption	Adult: >=18 yrs old	Both	5.4 umol/day	NULL
658	m-Coumaric acid	6382	Black Tea Consumption	Adult: >=18 yrs old	Both	5.4 umol/day	NULL
658	m-Coumaric acid	6383	Herbal Tea Consumption	Adult: >=18 yrs old	Both	5.4 umol/day	NULL
658	m-Coumaric acid	6304	Wine Consumption	Adult: >=18 yrs old	Both	5.4 umol/day	NULL
726	Caffeic acid	6282	Apple Consumption	Adult: >=18 yrs old	Both	11.4 umol/day	NULL
726	Caffeic acid	6375	Peach Consumption	Adult: >=18 yrs old	Both	11.4 umol/day	NULL
726	Caffeic acid	6376	Berries Consumption	Adult: >=18 yrs old	Both	11.4 umol/day	NULL
726	Caffeic acid	6377	Grapefruit Consumption	Adult: >=18 yrs old	Both	11.4 umol/day	NULL
726	Caffeic acid	6378	Grapefruit Juice Consumption	Adult: >=18 yrs old	Both	11.4 umol/day	NULL
726	Caffeic acid	6311	Orange Consumption	Adult: >=18 yrs old	Both	11.4 umol/day	NULL
726	Caffeic acid	6379	Orange Juice Consumption	Adult: >=18 yrs old	Both	11.4 umol/day	NULL
726	Caffeic acid	6285	Citrus Fruits Consumption	Adult: >=18 yrs old	Both	11.4 umol/day	NULL
726	Caffeic acid	6283	Fruits Consumption	Adult: >=18 yrs old	Both	11.4 umol/day	NULL
726	Caffeic acid	6284	Fruit Juices Consumption	Adult: >=18 yrs old	Both	11.4 umol/day	NULL
726	Caffeic acid	6288	Vegetables Consumption	Adult: >=18 yrs old	Both	11.4 umol/day	NULL
726	Caffeic acid	6314	Onion Consumption	Adult: >=18 yrs old	Both	11.4 umol/day	NULL
726	Caffeic acid	6380	Dark Bread Consumption	Adult: >=18 yrs old	Both	11.4 umol/day	NULL
726	Caffeic acid	6299	Cereals Consumption	Adult: >=18 yrs old	Both	11.4 umol/day	NULL
726	Caffeic acid	6381	Potato Consumption	Adult: >=18 yrs old	Both	11.4 umol/day	NULL
726	Caffeic acid	6303	Chocolate Consumption	Adult: >=18 yrs old	Both	11.4 umol/day	NULL
726	Caffeic acid	6292	Coffee Consumption	Adult: >=18 yrs old	Both	11.4 umol/day	NULL
726	Caffeic acid	6382	Black Tea Consumption	Adult: >=18 yrs old	Both	11.4 umol/day	NULL
726	Caffeic acid	6383	Herbal Tea Consumption	Adult: >=18 yrs old	Both	11.4 umol/day	NULL
726	Caffeic acid	6304	Wine Consumption	Adult: >=18 yrs old	Both	11.4 umol/day	NULL
736	Tungsten	6690	Tungsten Exposure	All	Both	0.00025 (0.00018-0.00033) umol/mmol creatinine	Total population (2011 - 2012)
736	Tungsten	1	Normal	All	Both	0 umol/mmol creatinine	NULL
736	Tungsten	6690	Tungsten Exposure	All	Both	0.00020 (0.00019-0.00023) umol/mmol creatinine	Total population (2013 - 2014)
736	Tungsten	6690	Tungsten Exposure	All	Both	0.00022 (0.00018-0.00030) umol/mmol creatinine	Total population (2015 - 2016)
736	Tungsten	6690	Tungsten Exposure	All	Both	0.00027 (0.00025-0.00030) umol/mmol creatinine	Total population (2013 - 2014)
780	Apigenin	6283	Fruits Consumption	NULL	Both	0.9 ug/day	NULL
780	Apigenin	6288	Vegetables Consumption	NULL	Both	0.9 ug/day	NULL
780	Apigenin	6290	Fruits + Vegetables Consumption	NULL	Both	0.9 ug/day	NULL
802	Equol	6347	Fats Consumption	Elderly: 65-100+ yrs old	Both	0.11 nmol/mg	NULL
802	Equol	6289	Soy Foods Consumption	Elderly: 65-100+ yrs old	Both	0.11 nmol/mg	NULL
802	Equol	6283	Fruits Consumption	Elderly: 65-100+ yrs old	Both	0.11 nmol/mg	NULL
802	Equol	6288	Vegetables Consumption	Elderly: 65-100+ yrs old	Both	0.11 nmol/mg	NULL
802	Equol	6295	Dietary Fibre Consumption	NULL	Both	0.1 ug/mmol	NULL
802	Equol	6661	Equol Exposure	All	Both	0.023 (0.020-0.031) umol/mmol creatinine	Total population (1999 - 2000)
802	Equol	1	Normal	All	Both	0.0036 (0.0032-0.0041) umol/mmol creatinine	NULL
802	Equol	6661	Equol Exposure	All	Both	0.029 (0.023-0.040) umol/mmol creatinine	Total population (2001 - 2002)
802	Equol	1	Normal	All	Both	0.0040 (0.0034-0.0048) umol/mmol creatinine	NULL
802	Equol	6661	Equol Exposure	All	Both	0.024 (0.019-0.035) umol/mmol creatinine	Total population (2003 - 2004)
802	Equol	1	Normal	All	Both	0.0035 (0.0032-0.0039) umol/mmol creatinine	NULL
802	Equol	6661	Equol Exposure	All	Both	0.032 (0.023-0.049) umol/mmol creatinine	Total population (2005 - 2006)
802	Equol	1	Normal	All	Both	0.0038 (0.0034-0.0043) umol/mmol creatinine	NULL
802	Equol	6661	Equol Exposure	All	Both	0.028 (0.019-0.043) umol/mmol creatinine	Total population (2007 - 2008)
802	Equol	1	Normal	All	Both	0.0034 (0.0030-0.0040) umol/mmol creatinine	NULL
802	Equol	6661	Equol Exposure	All	Both	0.034 (0.025-0.057) umol/mmol creatinine	Total population (2009 - 2010)
802	Equol	1	Normal	All	Both	0.0039 (0.0035-0.0044) umol/mmol creatinine	NULL
811	Beta-Cryptoxanthin	6346	Green Yellow Vegetables Consumption	NULL	Both	0.174 umol/L	NULL
811	Beta-Cryptoxanthin	6288	Vegetables Consumption	NULL	Both	0.174 umol/L	NULL
811	Beta-Cryptoxanthin	6283	Fruits Consumption	NULL	Both	0.174 umol/L	NULL
811	Beta-Cryptoxanthin	6290	Fruits + Vegetables Consumption	NULL	Both	141 nmol/L	NULL
811	Beta-Cryptoxanthin	6387	Fruit Juices + Vegetable Juices Consumption	Adult: >=18 yrs old	Both	0.167 umol/L	NULL
851	Isorhamnetin	6282	Apple Consumption	Adult: >=18 yrs old	Both	0.5 umol/day	NULL
851	Isorhamnetin	6375	Peach Consumption	Adult: >=18 yrs old	Both	0.5 umol/day	NULL
851	Isorhamnetin	6376	Berries Consumption	Adult: >=18 yrs old	Both	0.5 umol/day	NULL
851	Isorhamnetin	6283	Fruits Consumption	Adult: >=18 yrs old	Both	0.5 umol/day	NULL
851	Isorhamnetin	6284	Fruit Juices Consumption	Adult: >=18 yrs old	Both	0.5 umol/day	NULL
851	Isorhamnetin	6288	Vegetables Consumption	Adult: >=18 yrs old	Both	0.5 umol/day	NULL
851	Isorhamnetin	6314	Onion Consumption	Adult: >=18 yrs old	Both	0.5 umol/day	NULL
851	Isorhamnetin	6382	Black Tea Consumption	Adult: >=18 yrs old	Both	0.5 umol/day	NULL
851	Isorhamnetin	6383	Herbal Tea Consumption	Adult: >=18 yrs old	Both	0.5 umol/day	NULL
856	Naringenin	6283	Fruits Consumption	NULL	Both	221.4 ug/day	NULL
856	Naringenin	6288	Vegetables Consumption	NULL	Both	221.4 ug/day	NULL
856	Naringenin	6290	Fruits + Vegetables Consumption	NULL	Both	221.4 ug/day	NULL
856	Naringenin	6377	Grapefruit Consumption	Adult: >=18 yrs old	Both	9.9 umol/day	NULL
856	Naringenin	6378	Grapefruit Juice Consumption	Adult: >=18 yrs old	Both	9.9 umol/day	NULL
856	Naringenin	6311	Orange Consumption	Adult: >=18 yrs old	Both	9.9 umol/day	NULL
856	Naringenin	6379	Orange Juice Consumption	Adult: >=18 yrs old	Both	9.9 umol/day	NULL
856	Naringenin	6285	Citrus Fruits Consumption	Adult: >=18 yrs old	Both	9.9 umol/day	NULL
856	Naringenin	6284	Fruit Juices Consumption	Adult: >=18 yrs old	Both	9.9 umol/day	NULL
919	Chlorogenic acid	6375	Peach Consumption	Adult: >=18 yrs old	Both	4.2 umol/day	NULL
919	Chlorogenic acid	6376	Berries Consumption	Adult: >=18 yrs old	Both	4.2 umol/day	NULL
919	Chlorogenic acid	6283	Fruits Consumption	Adult: >=18 yrs old	Both	4.2 umol/day	NULL
919	Chlorogenic acid	6284	Fruit Juices Consumption	Adult: >=18 yrs old	Both	4.2 umol/day	NULL
919	Chlorogenic acid	6288	Vegetables Consumption	Adult: >=18 yrs old	Both	4.2 umol/day	NULL
919	Chlorogenic acid	6381	Potato Consumption	Adult: >=18 yrs old	Both	4.2 umol/day	NULL
919	Chlorogenic acid	6292	Coffee Consumption	Adult: >=18 yrs old	Both	4.2 umol/day	NULL
919	Chlorogenic acid	6382	Black Tea Consumption	Adult: >=18 yrs old	Both	4.2 umol/day	NULL
919	Chlorogenic acid	6383	Herbal Tea Consumption	Adult: >=18 yrs old	Both	4.2 umol/day	NULL
919	Chlorogenic acid	6304	Wine Consumption	Adult: >=18 yrs old	Both	4.2 umol/day	NULL
925	Genistein	6347	Fats Consumption	Elderly: 65-100+ yrs old	Both	2.41 nmol/mg	NULL
925	Genistein	6289	Soy Foods Consumption	Elderly: 65-100+ yrs old	Both	2.41 nmol/mg	NULL
925	Genistein	6283	Fruits Consumption	Elderly: 65-100+ yrs old	Both	2.41 nmol/mg	NULL
925	Genistein	6288	Vegetables Consumption	Elderly: 65-100+ yrs old	Both	2.41 nmol/mg	NULL
925	Genistein	6295	Dietary Fibre Consumption	NULL	Both	7.9 ug/mmol	NULL
925	Genistein	6663	Genistein Exposure	All	Both	0.16 (0.14-0.21) umol/mmol creatinine	Total population (1999 - 2000)
925	Genistein	1	Normal	All	Both	0.0093 (0.0074-0.012) umol/mmol creatinine	NULL
925	Genistein	6663	Genistein Exposure	All	Both	0.18 (0.16-0.21) umol/mmol creatinine	Total population (2001 - 2002)
925	Genistein	1	Normal	All	Both	0.013 (0.012-0.014) umol/mmol creatinine	NULL
925	Genistein	6663	Genistein Exposure	All	Both	0.21 (0.16-0.26) umol/mmol creatinine	Total population (2003 - 2004)
925	Genistein	1	Normal	All	Both	0.012 (0.011-0.013) umol/mmol creatinine	NULL
925	Genistein	6663	Genistein Exposure	All	Both	0.24 (0.17-0.31) umol/mmol creatinine	Total population (2005 - 2006)
925	Genistein	6663	Genistein Exposure	All	Both	0.31 (0.19-0.47) umol/mmol creatinine	Total population (2007 - 2008)
925	Genistein	1	Normal	All	Both	0.013 (0.011-0.015) umol/mmol creatinine	NULL
925	Genistein	6663	Genistein Exposure	All	Both	0.36 (0.26-0.46) umol/mmol creatinine	Total population (2009 - 2010)
925	Genistein	1	Normal	All	Both	0.015 (0.013-0.016) umol/mmol creatinine	NULL
936	Phloretin	6283	Fruits Consumption	NULL	Both	62.7 ug/day	NULL
936	Phloretin	6288	Vegetables Consumption	NULL	Both	62.7 ug/day	NULL
936	Phloretin	6290	Fruits + Vegetables Consumption	NULL	Both	62.7 ug/day	NULL
936	Phloretin	6282	Apple Consumption	Adult: >=18 yrs old	Both	0.73 umol/day	NULL
936	Phloretin	6375	Peach Consumption	Adult: >=18 yrs old	Both	0.73 umol/day	NULL
936	Phloretin	6376	Berries Consumption	Adult: >=18 yrs old	Both	0.73 umol/day	NULL
936	Phloretin	6377	Grapefruit Consumption	Adult: >=18 yrs old	Both	0.73 umol/day	NULL
936	Phloretin	6378	Grapefruit Juice Consumption	Adult: >=18 yrs old	Both	0.73 umol/day	NULL
936	Phloretin	6311	Orange Consumption	Adult: >=18 yrs old	Both	0.73 umol/day	NULL
936	Phloretin	6379	Orange Juice Consumption	Adult: >=18 yrs old	Both	0.73 umol/day	NULL
936	Phloretin	6285	Citrus Fruits Consumption	Adult: >=18 yrs old	Both	0.73 umol/day	NULL
936	Phloretin	6284	Fruit Juices Consumption	Adult: >=18 yrs old	Both	0.73 umol/day	NULL
937	Daidzein	6347	Fats Consumption	Elderly: 65-100+ yrs old	Both	5.57 nmol/mg	NULL
937	Daidzein	6289	Soy Foods Consumption	Elderly: 65-100+ yrs old	Both	5.57 nmol/mg	NULL
937	Daidzein	6283	Fruits Consumption	Elderly: 65-100+ yrs old	Both	5.57 nmol/mg	NULL
937	Daidzein	6288	Vegetables Consumption	Elderly: 65-100+ yrs old	Both	5.57 nmol/mg	NULL
937	Daidzein	6295	Dietary Fibre Consumption	NULL	Both	17.2 ug/mmol	NULL
970	Mercury	6665	Mercury Exposure	All	Both	0.0030 (0.0026-0.0034) uM	Total population (2011 - 2012)
970	Mercury	1	Normal	All	Both	0 uM	NULL
970	Mercury	6665	Mercury Exposure	All	Both	0.00099 (0.00084-0.0013) umol/mmol creatinine	Total population (2011 - 2012)
970	Mercury	1	Normal	All	Both	0.00021 (0.00019-0.00023) umol/mmol creatinine	NULL
970	Mercury	6665	Mercury Exposure	All	Both	0.0026 (0.0024-0.0028) uM	Total population (2013 - 2014)
970	Mercury	6665	Mercury Exposure	All	Both	0.00091 (0.00083-0.0010) umol/mmol creatinine	Total population (2013 - 2014)
970	Mercury	1	Normal	All	Both	0.00016 (0.00015-0.00017) umol/mmol creatinine	NULL
970	Mercury	6665	Mercury Exposure	All	Both	0.0024 (0.0021-0.0026) uM	Total population (2015 - 2016)
970	Mercury	6665	Mercury Exposure	All	Both	0.00062 (0.00051-0.00070) umol/mmol creatinine	Total population (2015 - 2016)
970	Mercury	1	Normal	All	Both	0 umol/mmol creatinine	NULL
1004	Antimony	6649	Antimony Exposure	All	Both	0.00021 (0.00017-0.00024) umol/mmol creatinine	Total population (2011 - 2012)
1004	Antimony	1	Normal	All	Both	0 umol/mmol creatinine	NULL
1004	Antimony	6649	Antimony Exposure	All	Both	0.00015 (0.00013-0.00016) umol/mmol creatinine	Total population (2013 - 2014)
1004	Antimony	6649	Antimony Exposure	All	Both	0.00016 (0.00014-0.00018) umol/mmol creatinine	Total population (2015 - 2016)
1037	Lead	6664	Lead Exposure	All	Both	0.15 (0.13-0.18) uM	Total population (2011 - 2012)
1037	Lead	1	Normal	All	Both	0.047 (0.044-0.050) uM	NULL
1037	Lead	6664	Lead Exposure	All	Both	0.00082 (0.00068-0.00093) umol/mmol creatinine	Total population (2011 - 2012)
1037	Lead	1	Normal	All	Both	0.00022 (0.00021-0.00024) umol/mmol creatinine	NULL
1037	Lead	6664	Lead Exposure	All	Both	0.14 (0.12-0.15) uM	Total population (2013 - 2014)
1037	Lead	1	Normal	All	Both	0.041 (0.039-0.044) uM	NULL
1037	Lead	6664	Lead Exposure	All	Both	0.00063 (0.00055-0.00071) umol/mmol creatinine	Total population (2013 - 2014)
1037	Lead	1	Normal	All	Both	0.00017 (0.00016-0.00019) umol/mmol creatinine	NULL
1037	Lead	6664	Lead Exposure	All	Both	0.13 (0.12-0.14) uM	Total population (2015 - 2016)
1037	Lead	1	Normal	All	Both	0.040 (0.037-0.042) uM	NULL
1037	Lead	6664	Lead Exposure	All	Both	0.00062 (0.00057-0.00069) umol/mmol creatinine	Total population (2015 - 2016)
1038	O-Desmethylangolensin	6347	Fats Consumption	Elderly: 65-100+ yrs old	Both	1.52 nmol/mg	NULL
1038	O-Desmethylangolensin	6289	Soy Foods Consumption	Elderly: 65-100+ yrs old	Both	1.52 nmol/mg	NULL
1038	O-Desmethylangolensin	6283	Fruits Consumption	Elderly: 65-100+ yrs old	Both	1.52 nmol/mg	NULL
1038	O-Desmethylangolensin	6288	Vegetables Consumption	Elderly: 65-100+ yrs old	Both	1.52 nmol/mg	NULL
1038	O-Desmethylangolensin	6295	Dietary Fibre Consumption	NULL	Both	0.2 ug/mmol	NULL
1038	O-Desmethylangolensin	6673	O-Desmethylangolensin Exposure	All	Both	0.073 (0.061-0.095) umol/mmol creatinine	Total population (1999 - 2000)
1038	O-Desmethylangolensin	1	Normal	All	Both	0.0018 (0.0013-0.0024) umol/mmol creatinine	NULL
1038	O-Desmethylangolensin	6673	O-Desmethylangolensin Exposure	All	Both	0.12 (0.065-0.18) umol/mmol creatinine	Total population (2001 - 2002)
1038	O-Desmethylangolensin	1	Normal	All	Both	0.0017 (0.0015-0.0019) umol/mmol creatinine	NULL
1038	O-Desmethylangolensin	6673	O-Desmethylangolensin Exposure	All	Both	0.088 (0.080-0.11) umol/mmol creatinine	Total population (2003 - 2004)
1038	O-Desmethylangolensin	1	Normal	All	Both	0.0020 (0.0018-0.0022) umol/mmol creatinine	NULL
1038	O-Desmethylangolensin	6673	O-Desmethylangolensin Exposure	All	Both	0.094 (0.079-0.14) umol/mmol creatinine	Total population (2005 - 2006)
1038	O-Desmethylangolensin	1	Normal	All	Both	0.0020 (0.0018-0.0023) umol/mmol creatinine	NULL
1038	O-Desmethylangolensin	6673	O-Desmethylangolensin Exposure	All	Both	0.15 (0.087-0.23) umol/mmol creatinine	Total population (2007 - 2008)
1038	O-Desmethylangolensin	1	Normal	All	Both	0.0020 (0.0018-0.0024) umol/mmol creatinine	NULL
1038	O-Desmethylangolensin	6673	O-Desmethylangolensin Exposure	All	Both	0.19 (0.12-0.24) umol/mmol creatinine	Total population (2009 - 2010)
1038	O-Desmethylangolensin	1	Normal	All	Both	0.0022 (0.0019-0.0026) umol/mmol creatinine	NULL
1124	Enterodiol	6347	Fats Consumption	Elderly: 65-100+ yrs old	Both	0.3 nmol/mg	NULL
1124	Enterodiol	6289	Soy Foods Consumption	Elderly: 65-100+ yrs old	Both	0.3 nmol/mg	NULL
1124	Enterodiol	6283	Fruits Consumption	Elderly: 65-100+ yrs old	Both	0.3 nmol/mg	NULL
1124	Enterodiol	6288	Vegetables Consumption	Elderly: 65-100+ yrs old	Both	0.3 nmol/mg	NULL
1124	Enterodiol	6375	Peach Consumption	Adult: >=18 yrs old	Both	2 umol/day	NULL
1124	Enterodiol	6376	Berries Consumption	Adult: >=18 yrs old	Both	2 umol/day	NULL
1124	Enterodiol	6284	Fruit Juices Consumption	Adult: >=18 yrs old	Both	2 umol/day	NULL
1124	Enterodiol	6380	Dark Bread Consumption	Adult: >=18 yrs old	Both	2 umol/day	NULL
1124	Enterodiol	6299	Cereals Consumption	Adult: >=18 yrs old	Both	2 umol/day	NULL
1124	Enterodiol	6381	Potato Consumption	Adult: >=18 yrs old	Both	2 umol/day	NULL
1124	Enterodiol	6303	Chocolate Consumption	Adult: >=18 yrs old	Both	0.8 umol/L	NULL
1124	Enterodiol	6295	Dietary Fibre Consumption	NULL	Both	7.8 ug/mmol	NULL
1124	Enterodiol	6659	Enterodiol Exposure	All	Both	0.090 (0.074-0.12) umol/mmol creatinine	Total population (1999 - 2000)
1124	Enterodiol	1	Normal	All	Both	0.0091 (0.0076-0.011) umol/mmol creatinine	NULL
1124	Enterodiol	6659	Enterodiol Exposure	All	Both	0.084 (0.074-0.094) umol/mmol creatinine	Total population (2001 - 2002)
1124	Enterodiol	1	Normal	All	Both	0.013 (0.011-0.014) umol/mmol creatinine	NULL
1124	Enterodiol	6659	Enterodiol Exposure	All	Both	0.11 (0.092-0.14) umol/mmol creatinine	Total population (2003 - 2004)
1124	Enterodiol	1	Normal	All	Both	0.014 (0.013-0.015) umol/mmol creatinine	NULL
1124	Enterodiol	6659	Enterodiol Exposure	All	Both	0.12 (0.10-0.16) umol/mmol creatinine	Total population (2005 - 2006)
1124	Enterodiol	1	Normal	All	Both	0.014 (0.012-0.015) umol/mmol creatinine	NULL
1124	Enterodiol	6659	Enterodiol Exposure	All	Both	0.15 (0.11-0.24) umol/mmol creatinine	Total population (2007 - 2008)
1124	Enterodiol	1	Normal	All	Both	0.014 (0.012-0.016) umol/mmol creatinine	NULL
1124	Enterodiol	6659	Enterodiol Exposure	All	Both	0.20 (0.16-0.23) umol/mmol creatinine	Total population (2009 - 2010)
1124	Enterodiol	1	Normal	All	Both	0.016 (0.015-0.017) umol/mmol creatinine	NULL
1266	Hesperetin	6283	Fruits Consumption	NULL	Both	98 ug/day	NULL
1266	Hesperetin	6288	Vegetables Consumption	NULL	Both	98 ug/day	NULL
1266	Hesperetin	6290	Fruits + Vegetables Consumption	NULL	Both	98 ug/day	NULL
1266	Hesperetin	6377	Grapefruit Consumption	Adult: >=18 yrs old	Both	3 umol/day	NULL
1266	Hesperetin	6378	Grapefruit Juice Consumption	Adult: >=18 yrs old	Both	3 umol/day	NULL
1266	Hesperetin	6311	Orange Consumption	Adult: >=18 yrs old	Both	3 umol/day	NULL
1266	Hesperetin	6379	Orange Juice Consumption	Adult: >=18 yrs old	Both	3 umol/day	NULL
1266	Hesperetin	6285	Citrus Fruits Consumption	Adult: >=18 yrs old	Both	3 umol/day	NULL
1266	Hesperetin	6284	Fruit Juices Consumption	Adult: >=18 yrs old	Both	3 umol/day	NULL
1270	Quercetin	6283	Fruits Consumption	NULL	Both	61.2 ug/day	NULL
1270	Quercetin	6288	Vegetables Consumption	NULL	Both	61.2 ug/day	NULL
1270	Quercetin	6290	Fruits + Vegetables Consumption	NULL	Both	61.2 ug/day	NULL
1270	Quercetin	6282	Apple Consumption	Adult: >=18 yrs old	Both	0.7 umol/day	NULL
1270	Quercetin	6375	Peach Consumption	Adult: >=18 yrs old	Both	0.7 umol/day	NULL
1270	Quercetin	6376	Berries Consumption	Adult: >=18 yrs old	Both	0.7 umol/day	NULL
1270	Quercetin	6284	Fruit Juices Consumption	Adult: >=18 yrs old	Both	0.7 umol/day	NULL
1270	Quercetin	6314	Onion Consumption	Adult: >=18 yrs old	Both	0.7 umol/day	NULL
1270	Quercetin	6382	Black Tea Consumption	Adult: >=18 yrs old	Both	0.7 umol/day	NULL
1270	Quercetin	6383	Herbal Tea Consumption	Adult: >=18 yrs old	Both	0.7 umol/day	NULL
1271	Kaempferol	6283	Fruits Consumption	NULL	Both	7.9 ug/day	NULL
1271	Kaempferol	6288	Vegetables Consumption	NULL	Both	7.9 ug/day	NULL
1271	Kaempferol	6290	Fruits + Vegetables Consumption	NULL	Both	7.9 ug/day	NULL
1271	Kaempferol	6282	Apple Consumption	Adult: >=18 yrs old	Both	0.8 umol/day	NULL
1271	Kaempferol	6375	Peach Consumption	Adult: >=18 yrs old	Both	0.8 umol/day	NULL
1271	Kaempferol	6376	Berries Consumption	Adult: >=18 yrs old	Both	0.8 umol/day	NULL
1271	Kaempferol	6377	Grapefruit Consumption	Adult: >=18 yrs old	Both	0.8 umol/day	NULL
1271	Kaempferol	6378	Grapefruit Juice Consumption	Adult: >=18 yrs old	Both	0.8 umol/day	NULL
1271	Kaempferol	6311	Orange Consumption	Adult: >=18 yrs old	Both	0.8 umol/day	NULL
1271	Kaempferol	6379	Orange Juice Consumption	Adult: >=18 yrs old	Both	0.8 umol/day	NULL
1271	Kaempferol	6285	Citrus Fruits Consumption	Adult: >=18 yrs old	Both	0.8 umol/day	NULL
1271	Kaempferol	6284	Fruit Juices Consumption	Adult: >=18 yrs old	Both	0.8 umol/day	NULL
1271	Kaempferol	6314	Onion Consumption	Adult: >=18 yrs old	Both	0.8 umol/day	NULL
1271	Kaempferol	6380	Dark Bread Consumption	Adult: >=18 yrs old	Both	0.8 umol/day	NULL
1271	Kaempferol	6299	Cereals Consumption	Adult: >=18 yrs old	Both	0.8 umol/day	NULL
1271	Kaempferol	6381	Potato Consumption	Adult: >=18 yrs old	Both	0.8 umol/day	NULL
1271	Kaempferol	6303	Chocolate Consumption	Adult: >=18 yrs old	Both	0.8 umol/day	NULL
1271	Kaempferol	6292	Coffee Consumption	Adult: >=18 yrs old	Both	0.8 umol/day	NULL
1271	Kaempferol	6382	Black Tea Consumption	Adult: >=18 yrs old	Both	0.8 umol/day	NULL
1271	Kaempferol	6383	Herbal Tea Consumption	Adult: >=18 yrs old	Both	0.8 umol/day	NULL
1271	Kaempferol	6304	Wine Consumption	Adult: >=18 yrs old	Both	0.8 umol/day	NULL
1272	Gallic acid	6282	Apple Consumption	Adult: >=18 yrs old	Both	1.6 umol/day	NULL
1272	Gallic acid	6375	Peach Consumption	Adult: >=18 yrs old	Both	1.6 umol/day	NULL
1272	Gallic acid	6376	Berries Consumption	Adult: >=18 yrs old	Both	1.6 umol/day	NULL
1272	Gallic acid	6283	Fruits Consumption	Adult: >=18 yrs old	Both	1.6 umol/day	NULL
1272	Gallic acid	6284	Fruit Juices Consumption	Adult: >=18 yrs old	Both	1.6 umol/day	NULL
1272	Gallic acid	6288	Vegetables Consumption	Adult: >=18 yrs old	Both	1.6 umol/day	NULL
1272	Gallic acid	6314	Onion Consumption	Adult: >=18 yrs old	Both	1.6 umol/day	NULL
1272	Gallic acid	6303	Chocolate Consumption	Adult: >=18 yrs old	Both	1.6 umol/day	NULL
1272	Gallic acid	6382	Black Tea Consumption	Adult: >=18 yrs old	Both	1.6 umol/day	NULL
1272	Gallic acid	6383	Herbal Tea Consumption	Adult: >=18 yrs old	Both	1.6 umol/day	NULL
1272	Gallic acid	6304	Wine Consumption	Adult: >=18 yrs old	Both	1.6 umol/day	NULL
1278	Dihydrogenistein	6347	Fats Consumption	Elderly: 65-100+ yrs old	Both	0.19 nmol/mg	NULL
1278	Dihydrogenistein	6289	Soy Foods Consumption	Elderly: 65-100+ yrs old	Both	0.19 nmol/mg	NULL
1278	Dihydrogenistein	6283	Fruits Consumption	Elderly: 65-100+ yrs old	Both	0.19 nmol/mg	NULL
1278	Dihydrogenistein	6288	Vegetables Consumption	Elderly: 65-100+ yrs old	Both	0.19 nmol/mg	NULL
1295	Enterolactone	6347	Fats Consumption	Elderly: 65-100+ yrs old	Both	1.18 nmol/mg	NULL
1295	Enterolactone	6289	Soy Foods Consumption	Elderly: 65-100+ yrs old	Both	1.18 nmol/mg	NULL
1295	Enterolactone	6283	Fruits Consumption	Elderly: 65-100+ yrs old	Both	1.18 nmol/mg	NULL
1295	Enterolactone	6288	Vegetables Consumption	Elderly: 65-100+ yrs old	Both	1.18 nmol/mg	NULL
1295	Enterolactone	6375	Peach Consumption	Adult: >=18 yrs old	Both	23.9 umol/day	NULL
1295	Enterolactone	6376	Berries Consumption	Adult: >=18 yrs old	Both	23.9 umol/day	NULL
1295	Enterolactone	6284	Fruit Juices Consumption	Adult: >=18 yrs old	Both	23.9 umol/day	NULL
1295	Enterolactone	6380	Dark Bread Consumption	Adult: >=18 yrs old	Both	23.9 umol/day	NULL
1295	Enterolactone	6299	Cereals Consumption	Adult: >=18 yrs old	Both	23.9 umol/day	NULL
1295	Enterolactone	6381	Potato Consumption	Adult: >=18 yrs old	Both	23.9 umol/day	NULL
1295	Enterolactone	6295	Dietary Fibre Consumption	NULL	Both	93.5 ug/mmol	NULL
1295	Enterolactone	6290	Fruits + Vegetables Consumption	Adult: >=18 yrs old	Both	13.97 nmol/L	NULL
1295	Enterolactone	6399	Water Soluble Fibre Consumption	Adult: >=18 yrs old	Both	13.97 nmol/L	NULL
1295	Enterolactone	6400	Insoluble Fibre Consumption	Adult: >=18 yrs old	Both	13.97 nmol/L	NULL
1295	Enterolactone	6401	Coffee + Tea Consumption	Adult: >=18 yrs old	Both	13.97 nmol/L	NULL
1295	Enterolactone	6328	Ethanol Consumption	Adult: >=18 yrs old	Both	13.97 nmol/L	NULL
1295	Enterolactone	6304	Wine Consumption	Adult: >=18 yrs old	Both	13.97 nmol/L	NULL
1295	Enterolactone	6325	Beer Consumption	Adult: >=18 yrs old	Both	13.97 nmol/L	NULL
1295	Enterolactone	6402	Liquor Consumption	Adult: >=18 yrs old	Both	13.97 nmol/L	NULL
1295	Enterolactone	6366	Mushrooms Consumption	Adult: >=18 yrs old	Both	13.97 nmol/L	NULL
1295	Enterolactone	6315	Leafy Vegetables Consumption	Adult: >=18 yrs old	Both	13.97 nmol/L	NULL
1295	Enterolactone	6392	Lettuce Consumption	Adult: >=18 yrs old	Both	13.97 nmol/L	NULL
1295	Enterolactone	6369	Cabbage Family Vegetables Consumption	Adult: >=18 yrs old	Both	13.97 nmol/L	NULL
1295	Enterolactone	6403	Gourds Consumption	Adult: >=18 yrs old	Both	13.97 nmol/L	NULL
1295	Enterolactone	6404	Walnut Consumption	Adult: >=18 yrs old	Both	13.97 nmol/L	NULL
1295	Enterolactone	6405	Avocado Consumption	Adult: >=18 yrs old	Both	13.97 nmol/L	NULL
1295	Enterolactone	6298	Legume Family Vegetables Consumption	Adult: >=18 yrs old	Both	13.97 nmol/L	NULL
1295	Enterolactone	6406	Onion Family Vegetables Consumption	Adult: >=18 yrs old	Both	13.97 nmol/L	NULL
1295	Enterolactone	6390	Banana Consumption	Adult: >=18 yrs old	Both	13.97 nmol/L	NULL
1295	Enterolactone	6407	Olive Consumption	Adult: >=18 yrs old	Both	13.97 nmol/L	NULL
1295	Enterolactone	6408	Sesame Consumption	Adult: >=18 yrs old	Both	13.97 nmol/L	NULL
1295	Enterolactone	6285	Citrus Fruits Consumption	Adult: >=18 yrs old	Both	13.97 nmol/L	NULL
1295	Enterolactone	6409	Potato Family Vegetables Consumption	Adult: >=18 yrs old	Both	13.97 nmol/L	NULL
1295	Enterolactone	6410	Carrot Family Vegetables Consumption	Adult: >=18 yrs old	Both	13.97 nmol/L	NULL
1295	Enterolactone	6411	Grape Consumption	Adult: >=18 yrs old	Both	13.97 nmol/L	NULL
1295	Enterolactone	6660	Enterolactone Exposure	All	Both	0.85 (0.71-1.073) umol/mmol creatinine	Total population (1999 - 2000)
1295	Enterolactone	1	Normal	All	Both	0.083 (0.070-0.099) umol/mmol creatinine	NULL
1295	Enterolactone	6660	Enterolactone Exposure	All	Both	0.80 (0.65-0.93) umol/mmol creatinine	Total population (2001 - 2002)
1295	Enterolactone	1	Normal	All	Both	0.092 (0.083-0.10) umol/mmol creatinine	NULL
1295	Enterolactone	6660	Enterolactone Exposure	All	Both	0.91 (0.76-1.096) umol/mmol creatinine	Total population (2003 - 2004)
1295	Enterolactone	1	Normal	All	Both	0.11 (0.093-0.12) umol/mmol creatinine	NULL
1295	Enterolactone	6660	Enterolactone Exposure	All	Both	1.0048 (0.85-1.28) umol/mmol creatinine	Total population (2005 - 2006)
1295	Enterolactone	1	Normal	All	Both	0.10 (0.090-0.12) umol/mmol creatinine	NULL
1295	Enterolactone	6660	Enterolactone Exposure	All	Both	1.035 (0.79-1.33) umol/mmol creatinine	Total population (2007 - 2008)
1295	Enterolactone	1	Normal	All	Both	0.092 (0.080-0.11) umol/mmol creatinine	NULL
1295	Enterolactone	6660	Enterolactone Exposure	All	Both	1.069 (0.91-1.30) umol/mmol creatinine	Total population (2009 - 2010)
1295	Enterolactone	1	Normal	All	Both	0.087 (0.078-0.098) umol/mmol creatinine	NULL
4238	Ethyl glucuronide	6328	Ethanol Consumption	NULL	Both	239.5 ng/mL	NULL
4974	1-Hydroxyphenanthrene	6635	1-Hydroxyphenanthrene Exposure	All	Both	0.00030 (0.00028-0.00032) umol/mmol creatinine	Total population (2011 - 2012)
4974	1-Hydroxyphenanthrene	1	Normal	All	Both	0 umol/mmol creatinine	NULL
4974	1-Hydroxyphenanthrene	6635	1-Hydroxyphenanthrene Exposure	All	Both	0.00021 (0.00019-0.00022) umol/mmol creatinine	Total population (2013 - 2014)
4975	1-Hydroxypyrene	6636	1-Hydroxypyrene Exposure	All	Both	0.00028 (0.00024-0.00036) umol/mmol creatinine	Total population (2011 - 2012)
4975	1-Hydroxypyrene	1	Normal	All	Both	0 umol/mmol creatinine	NULL
4975	1-Hydroxypyrene	6636	1-Hydroxypyrene Exposure	All	Both	0.00028 (0.00026-0.00030) umol/mmol creatinine	Total population (2013 - 2014)
4976	1-Naphthol	6637	1-Naphthol Exposure	All	Both	0.016 (0.012-0.021) umol/mmol creatinine	Total population (2011 - 2012)
4976	1-Naphthol	1	Normal	All	Both	0.0015 (0.0014-0.0016) umol/mmol creatinine	NULL
4976	1-Naphthol	6637	1-Naphthol Exposure	All	Both	0.016 (0.014-0.019) umol/mmol creatinine	Total population (2013 - 2014)
4976	1-Naphthol	1	Normal	All	Both	0.0014 (0.0013-0.0015) umol/mmol creatinine	NULL
4977	2-Hydroxyfluorene	6638	2-Hydroxyfluorene Exposure	All	Both	0.0013 (0.0012-0.0014) umol/mmol creatinine	Total population (2011 - 2012)
4977	2-Hydroxyfluorene	1	Normal	All	Both	0.00017 (0.00016-0.00018) umol/mmol creatinine	NULL
4977	2-Hydroxyfluorene	6638	2-Hydroxyfluorene Exposure	All	Both	0.00091 (0.00079-0.0010) umol/mmol creatinine	Total population (2013 - 2014)
4977	2-Hydroxyfluorene	1	Normal	All	Both	0.00013 (0.00012-0.00014) umol/mmol creatinine	NULL
4978	2-Naphthol	6639	2-Naphthol Exposure	All	Both	0.018 (0.016-0.020) umol/mmol creatinine	Total population (2011 - 2012)
4978	2-Naphthol	1	Normal	All	Both	0.0037 (0.0034-0.0040) umol/mmol creatinine	NULL
4978	2-Naphthol	6639	2-Naphthol Exposure	All	Both	0.017 (0.016-0.019) umol/mmol creatinine	Total population (2013 - 2014)
4978	2-Naphthol	1	Normal	All	Both	0.0038 (0.0037-0.0040) umol/mmol creatinine	NULL
4979	2,4-Dichlorophenol	6640	2,4-Dichlorophenol Exposure	All	Both	0.0056 (0.0039-0.0078) umol/mmol creatinine	Total population (2011 - 2012)
4979	2,4-Dichlorophenol	1	Normal	All	Both	0.00055 (0.00049-0.00061) umol/mmol creatinine	NULL
4979	2,4-Dichlorophenol	6640	2,4-Dichlorophenol Exposure	All	Both	0.0041 (0.0031-0.0058) umol/mmol creatinine	Total population (2013 - 2014)
4979	2,4-Dichlorophenol	1	Normal	All	Both	0.00046 (0.00042-0.00051) umol/mmol creatinine	NULL
4980	2,4-Dichlorophenoxyacetic acid	6641	2,4-Dichlorophenoxyacetic acid Exposure	All	Both	0.00057 (0.00053-0.00064) umol/mmol creatinine	Total population (2001 - 2002)
4980	2,4-Dichlorophenoxyacetic acid	1	Normal	All	Both	0 umol/mmol creatinine	NULL
4980	2,4-Dichlorophenoxyacetic acid	6641	2,4-Dichlorophenoxyacetic acid Exposure	All	Both	0.00095 (0.00073-0.0013) umol/mmol creatinine	Total population (2003 - 2004)
4980	2,4-Dichlorophenoxyacetic acid	1	Normal	All	Both	0.00012 (0.00010-0.00015) umol/mmol creatinine	NULL
4980	2,4-Dichlorophenoxyacetic acid	6641	2,4-Dichlorophenoxyacetic acid Exposure	All	Both	0.00094 (0.00084-0.0011) umol/mmol creatinine	Total population (2007 - 2008)
4980	2,4-Dichlorophenoxyacetic acid	6641	2,4-Dichlorophenoxyacetic acid Exposure	All	Both	0.00079 (0.00067-0.0011) umol/mmol creatinine	Total population (2009 - 2010)
4980	2,4-Dichlorophenoxyacetic acid	1	Normal	All	Both	0.00016 (0.00015-0.00018) umol/mmol creatinine	NULL
4981	2,4,5-Trichlorophenol	6642	2,4,5-Trichlorophenol Exposure	All	Both	0.00021 (0.00019-0.00024) umol/mmol creatinine	Total population (2003 - 2004)
4981	2,4,5-Trichlorophenol	1	Normal	All	Both	0 umol/mmol creatinine	NULL
4981	2,4,5-Trichlorophenol	6642	2,4,5-Trichlorophenol Exposure	All	Both	0.00023 (0.00021-0.00026) umol/mmol creatinine	Total population (2005 - 2006)
4981	2,4,5-Trichlorophenol	6642	2,4,5-Trichlorophenol Exposure	All	Both	0.00022 (0.00019-0.00027) umol/mmol creatinine	Total population (2007 - 2008)
4981	2,4,5-Trichlorophenol	6642	2,4,5-Trichlorophenol Exposure	All	Both	0.00020 (0.00018-0.00022) umol/mmol creatinine	Total population (2009 - 2010)
4982	2,4,6-Trichlorophenol	6643	2,4,6-Trichlorophenol Exposure	All	Both	0.0010 (0.00091-0.0012) umol/mmol creatinine	Total population (2003 - 2004)
4982	2,4,6-Trichlorophenol	1	Normal	All	Both	0 umol/mmol creatinine	NULL
4982	2,4,6-Trichlorophenol	6643	2,4,6-Trichlorophenol Exposure	All	Both	0.0010 (0.00091-0.0011) umol/mmol creatinine	Total population (2005 - 2006)
4982	2,4,6-Trichlorophenol	6643	2,4,6-Trichlorophenol Exposure	All	Both	0.0010 (0.00087-0.0013) umol/mmol creatinine	Total population (2007 - 2008)
4982	2,4,6-Trichlorophenol	6643	2,4,6-Trichlorophenol Exposure	All	Both	0.00096 (0.00089-0.0011) umol/mmol creatinine	Total population (2009 - 2010)
4983	2,5-Dichlorophenol	6644	2,5-Dichlorophenol Exposure	All	Both	0.15 (0.10-0.24) umol/mmol creatinine	Total population (2011 - 2012)
4983	2,5-Dichlorophenol	1	Normal	All	Both	0.0033 (0.0025-0.0044) umol/mmol creatinine	NULL
4983	2,5-Dichlorophenol	6644	2,5-Dichlorophenol Exposure	All	Both	0.075 (0.041-0.19) umol/mmol creatinine	Total population (2013 - 2014)
4983	2,5-Dichlorophenol	1	Normal	All	Both	0.0019 (0.0015-0.0025) umol/mmol creatinine	NULL
4984	2,5-Dimethylfuran	6645	2,5-Dimethylfuran Exposure	All	Both	0.0015 (0.0013-0.0017) uM	Total population (2011 - 2012)
4984	2,5-Dimethylfuran	1	Normal	All	Both	0 uM	NULL
4984	2,5-Dimethylfuran	6645	2,5-Dimethylfuran Exposure	All	Both	0.0015 (0.0013-0.0017) uM	Total population (2013 - 2014)
4984	2,5-Dimethylfuran	6645	2,5-Dimethylfuran Exposure	All	Both	0.0016 (0.0012-0.0018) uM	Total population (2015 - 2016)
4985	3-Hydroxyfluorene	6646	3-Hydroxyfluorene Exposure	All	Both	0.00073 (0.00065-0.00083) umol/mmol creatinine	Total population (2011 - 2012)
4985	3-Hydroxyfluorene	1	Normal	All	Both	0 umol/mmol creatinine	NULL
4985	3-Hydroxyfluorene	6646	3-Hydroxyfluorene Exposure	All	Both	0.00058 (0.00055-0.00067) umol/mmol creatinine	Total population (2013 - 2014)
4986	3-Hydroxyphenanthrene	6647	3-Hydroxyphenanthrene Exposure	All	Both	0.00019 (0.00016-0.00021) umol/mmol creatinine	Total population (2011 - 2012)
4986	3-Hydroxyphenanthrene	1	Normal	All	Both	0 umol/mmol creatinine	NULL
4987	9-Hydroxyfluorene	6648	9-Hydroxyfluorene Exposure	All	Both	0.00068 (0.00057-0.00086) umol/mmol creatinine	Total population (2003 - 2004)
4987	9-Hydroxyfluorene	1	Normal	All	Both	0.00016 (0.00014-0.00017) umol/mmol creatinine	NULL
4987	9-Hydroxyfluorene	6648	9-Hydroxyfluorene Exposure	All	Both	0.00094 (0.00084-0.0011) umol/mmol creatinine	Total population (2005 - 2006)
4987	9-Hydroxyfluorene	1	Normal	All	Both	0.00019 (0.00017-0.00020) umol/mmol creatinine	NULL
4987	9-Hydroxyfluorene	6648	9-Hydroxyfluorene Exposure	All	Both	0.0010 (0.00089-0.0012) umol/mmol creatinine	Total population (2007 - 2008)
4987	9-Hydroxyfluorene	1	Normal	All	Both	0.00021 (0.00019-0.00023) umol/mmol creatinine	NULL
4987	9-Hydroxyfluorene	6648	9-Hydroxyfluorene Exposure	All	Both	0.00078 (0.00072-0.00084) umol/mmol creatinine	Total population (2009 - 2010)
4987	9-Hydroxyfluorene	1	Normal	All	Both	0.00017 (0.00016-0.00017) umol/mmol creatinine	NULL
4987	9-Hydroxyfluorene	6648	9-Hydroxyfluorene Exposure	All	Both	0.00085 (0.00071-0.0010) umol/mmol creatinine	Total population (2011 - 2012)
4987	9-Hydroxyfluorene	1	Normal	All	Both	0.00017 (0.00016-0.00018) umol/mmol creatinine	NULL
4988	Arsenic	6650	Arsenic Exposure	All	Both	0.076 (0.058-0.11) umol/mmol creatinine	Total population (2011 - 2012)
4988	Arsenic	1	Normal	All	Both	0.012 (0.010-0.013) umol/mmol creatinine	NULL
4988	Arsenic	6650	Arsenic Exposure	All	Both	0.079 (0.066-0.092) umol/mmol creatinine	Total population (2013 - 2014)
4988	Arsenic	1	Normal	All	Both	0.011 (0.0100-0.012) umol/mmol creatinine	NULL
4988	Arsenic	6650	Arsenic Exposure	All	Both	0.069 (0.048-0.099) umol/mmol creatinine	Total population (2015 - 2016)
4988	Arsenic	1	Normal	All	Both	0.010 (0.0095-0.011) umol/mmol creatinine	NULL
4989	Barium	6651	Barium Exposure	All	Both	0.0052 (0.0043-0.0055) umol/mmol creatinine	Total population (2011 - 2012)
4989	Barium	1	Normal	All	Both	0.0011 (0.0010-0.0012) umol/mmol creatinine	NULL
4989	Barium	6651	Barium Exposure	All	Both	0.0046 (0.0041-0.0050) umol/mmol creatinine	Total population (2013 - 2014)
4989	Barium	1	Normal	All	Both	0.0010 (0.00098-0.0011) umol/mmol creatinine	NULL
4989	Barium	6651	Barium Exposure	All	Both	0.0043 (0.0040-0.0049) umol/mmol creatinine	Total population (2015 - 2016)
4989	Barium	1	Normal	All	Both	0.0011 (0.00099-0.0011) umol/mmol creatinine	NULL
4990	Bisphenol A	6652	Bisphenol A Exposure	All	Both	0.0041 (0.0032-0.0055) umol/mmol creatinine	Total population (2011 - 2012)
4990	Bisphenol A	1	Normal	All	Both	0.00085 (0.00080-0.00091) umol/mmol creatinine	NULL
4990	Bisphenol A	6652	Bisphenol A Exposure	All	Both	0.0025 (0.0023-0.0030) umol/mmol creatinine	Total population (2013 - 2014)
4990	Bisphenol A	1	Normal	All	Both	0.00063 (0.00058-0.00069) umol/mmol creatinine	NULL
4991	Chloroform	6653	Chloroform Exposure	All	Both	0.00028 (0.00023-0.00034) uM	Total population (2011 - 2012)
4991	Chloroform	1	Normal	All	Both	0 uM	NULL
4991	Chloroform	6653	Chloroform Exposure	All	Both	0.00034 (0.00028-0.00042) uM	Total population (2013 - 2014)
4991	Chloroform	6653	Chloroform Exposure	All	Both	0.00039 (0.00035-0.00045) uM	Total population (2015 - 2016)
4992	Chondrillasterol	6654	Chondrillasterol Exposure	All	Both	0.30 (0.19-0.44) umol/mmol creatinine	Total population (2003 - 2004)
4992	Chondrillasterol	1	Normal	All	Both	0.0061 (0.0048-0.0077) umol/mmol creatinine	NULL
4992	Chondrillasterol	6654	Chondrillasterol Exposure	All	Both	0.33 (0.22-0.54) umol/mmol creatinine	Total population (2005 - 2006)
4992	Chondrillasterol	1	Normal	All	Both	0.0052 (0.0043-0.0062) umol/mmol creatinine	NULL
4992	Chondrillasterol	6654	Chondrillasterol Exposure	All	Both	0.26 (0.14-0.49) umol/mmol creatinine	Total population (2007 - 2008)
4992	Chondrillasterol	1	Normal	All	Both	0.0050 (0.0038-0.0067) umol/mmol creatinine	NULL
4992	Chondrillasterol	6654	Chondrillasterol Exposure	All	Both	0.64 (0.38-0.83) umol/mmol creatinine	Total population (2009 - 2010)
4992	Chondrillasterol	1	Normal	All	Both	0.0064 (0.0051-0.0080) umol/mmol creatinine	NULL
4992	Chondrillasterol	6654	Chondrillasterol Exposure	All	Both	0.46 (0.28-0.69) umol/mmol creatinine	Total population (2011 - 2012)
4992	Chondrillasterol	1	Normal	All	Both	0.0072 (0.0053-0.0099) umol/mmol creatinine	NULL
4992	Chondrillasterol	6654	Chondrillasterol Exposure	All	Both	0.33 (0.23-0.50) umol/mmol creatinine	Total population (2013 - 2014)
4992	Chondrillasterol	1	Normal	All	Both	0.0069 (0.0056-0.0085) umol/mmol creatinine	NULL
4993	Diethyldithiophosphate	6656	Diethyldithiophosphate Exposure	All	Both	0.00052 (0.00041-0.00069) umol/mmol creatinine	Total population (1999 - 2000)
4993	Diethyldithiophosphate	1	Normal	All	Both	0 umol/mmol creatinine	NULL
4993	Diethyldithiophosphate	6656	Diethyldithiophosphate Exposure	All	Both	0.00066 (0.00047-0.00092) umol/mmol creatinine	Total population (2001 - 2002)
4993	Diethyldithiophosphate	6656	Diethyldithiophosphate Exposure	All	Both	0.00025 (0.00021-0.00031) umol/mmol creatinine	Total population (2003 - 2004)
4994	Dimethyldithiophosphate	6657	Dimethyldithiophosphate Exposure	All	Both	0.016 (0.0092-0.024) umol/mmol creatinine	Total population (1999 - 2000)
4994	Dimethyldithiophosphate	1	Normal	All	Both	0 umol/mmol creatinine	NULL
4994	Dimethyldithiophosphate	6657	Dimethyldithiophosphate Exposure	All	Both	0.0049 (0.0035-0.0058) umol/mmol creatinine	Total population (2001 - 2002)
4994	Dimethyldithiophosphate	6657	Dimethyldithiophosphate Exposure	All	Both	0.0046 (0.0028-0.0070) umol/mmol creatinine	Total population (2003 - 2004)
4994	Dimethyldithiophosphate	6657	Dimethyldithiophosphate Exposure	All	Both	0.0033 (0.0023-0.0051) umol/mmol creatinine	Total population (2005 - 2006)
4994	Dimethyldithiophosphate	6657	Dimethyldithiophosphate Exposure	All	Both	0.0044 (0.0030-0.0059) umol/mmol creatinine	Total population (2007 - 2008)
4995	Dimethylphosphate	6658	Dimethylphosphate Exposure	All	Both	0.014 (0.012-0.016) umol/mmol creatinine	Total population (1999 - 2000)
4995	Dimethylphosphate	1	Normal	All	Both	0 umol/mmol creatinine	NULL
4995	Dimethylphosphate	6658	Dimethylphosphate Exposure	All	Both	0.012 (0.010-0.013) umol/mmol creatinine	Total population (2001 - 2002)
4995	Dimethylphosphate	6658	Dimethylphosphate Exposure	All	Both	0.013 (0.012-0.016) umol/mmol creatinine	Total population (2003 - 2004)
4995	Dimethylphosphate	6658	Dimethylphosphate Exposure	All	Both	0.025 (0.022-0.029) umol/mmol creatinine	Total population (2005 - 2006)
4995	Dimethylphosphate	6658	Dimethylphosphate Exposure	All	Both	0.030 (0.026-0.036) umol/mmol creatinine	Total population (2007 - 2008)
4996	Ethylbenzene	6662	Ethylbenzene Exposure	All	Both	0.0011 (0.00096-0.0012) uM	Total population (2011 - 2012)
4996	Ethylbenzene	1	Normal	All	Both	0 uM	NULL
4996	Ethylbenzene	6662	Ethylbenzene Exposure	All	Both	0.0011 (0.00092-0.0013) uM	Total population (2013 - 2014)
4996	Ethylbenzene	6662	Ethylbenzene Exposure	All	Both	0.0011 (0.00098-0.0012) uM	Total population (2015 - 2016)
4997	Mono-(2-ethyl-5-carboxypentyl) phthalate	6667	Mono-(2-ethyl-5-carboxypentyl) phthalate Exposure	All	Both	0.022 (0.020-0.023) umol/mmol creatinine	Total population (2011 - 2012)
4997	Mono-(2-ethyl-5-carboxypentyl) phthalate	1	Normal	All	Both	0.0054 (0.0051-0.0058) umol/mmol creatinine	NULL
4997	Mono-(2-ethyl-5-carboxypentyl) phthalate	6667	Mono-(2-ethyl-5-carboxypentyl) phthalate Exposure	All	Both	0.015 (0.013-0.017) umol/mmol creatinine	Total population (2013 - 2014)
4997	Mono-(2-ethyl-5-carboxypentyl) phthalate	1	Normal	All	Both	0.0039 (0.0036-0.0043) umol/mmol creatinine	NULL
4997	Mono-(2-ethyl-5-carboxypentyl) phthalate	6667	Mono-(2-ethyl-5-carboxypentyl) phthalate Exposure	All	Both	0.014 (0.013-0.017) umol/mmol creatinine	Total population (2015 - 2016)
4997	Mono-(2-ethyl-5-carboxypentyl) phthalate	1	Normal	All	Both	0.0034 (0.0031-0.0036) umol/mmol creatinine	NULL
4998	Mono-(2-ethyl-5-hydroxyhexyl) phthalate	6668	Mono-(2-ethyl-5-hydroxyhexyl) phthalate Exposure	All	Both	0.014 (0.013-0.017) umol/mmol creatinine	Total population (2011 - 2012)
4998	Mono-(2-ethyl-5-hydroxyhexyl) phthalate	1	Normal	All	Both	0.0035 (0.0033-0.0036) umol/mmol creatinine	NULL
4998	Mono-(2-ethyl-5-hydroxyhexyl) phthalate	6668	Mono-(2-ethyl-5-hydroxyhexyl) phthalate Exposure	All	Both	0.0099 (0.0088-0.011) umol/mmol creatinine	Total population (2013 - 2014)
4998	Mono-(2-ethyl-5-hydroxyhexyl) phthalate	1	Normal	All	Both	0.0025 (0.0023-0.0027) umol/mmol creatinine	NULL
4998	Mono-(2-ethyl-5-hydroxyhexyl) phthalate	6668	Mono-(2-ethyl-5-hydroxyhexyl) phthalate Exposure	All	Both	0.010 (0.0088-0.012) umol/mmol creatinine	Total population (2015 - 2016)
4998	Mono-(2-ethyl-5-hydroxyhexyl) phthalate	1	Normal	All	Both	0.0023 (0.0022-0.0024) umol/mmol creatinine	NULL
4999	Mono-(2-ethyl-5-oxohexyl) phthalate	6669	Mono-(2-ethyl-5-oxohexyl) phthalate Exposure	All	Both	0.0091 (0.0076-0.011) umol/mmol creatinine	Total population (2011 - 2012)
4999	Mono-(2-ethyl-5-oxohexyl) phthalate	1	Normal	All	Both	0.0022 (0.0021-0.0023) umol/mmol creatinine	NULL
4999	Mono-(2-ethyl-5-oxohexyl) phthalate	6669	Mono-(2-ethyl-5-oxohexyl) phthalate Exposure	All	Both	0.0063 (0.0054-0.0070) umol/mmol creatinine	Total population (2013 - 2014)
4999	Mono-(2-ethyl-5-oxohexyl) phthalate	1	Normal	All	Both	0.0016 (0.0015-0.0018) umol/mmol creatinine	NULL
4999	Mono-(2-ethyl-5-oxohexyl) phthalate	6669	Mono-(2-ethyl-5-oxohexyl) phthalate Exposure	All	Both	0.0065 (0.0057-0.0071) umol/mmol creatinine	Total population (2015 - 2016)
4999	Mono-(2-ethyl-5-oxohexyl) phthalate	1	Normal	All	Both	0.0014 (0.0014-0.0015) umol/mmol creatinine	NULL
5000	Mono-(3-carboxypropyl) phthalate	6670	Mono-(3-carboxypropyl) phthalate Exposure	All	Both	0.016 (0.0084-0.030) umol/mmol creatinine	Total population (2011 - 2012)
5000	Mono-(3-carboxypropyl) phthalate	1	Normal	All	Both	0.0015 (0.0013-0.0018) umol/mmol creatinine	NULL
5000	Mono-(3-carboxypropyl) phthalate	6670	Mono-(3-carboxypropyl) phthalate Exposure	All	Both	0.0075 (0.0063-0.0086) umol/mmol creatinine	Total population (2013 - 2014)
5000	Mono-(3-carboxypropyl) phthalate	1	Normal	All	Both	0.00096 (0.00087-0.0011) umol/mmol creatinine	NULL
5000	Mono-(3-carboxypropyl) phthalate	6670	Mono-(3-carboxypropyl) phthalate Exposure	All	Both	0.0034 (0.0024-0.0043) umol/mmol creatinine	Total population (2015 - 2016)
5000	Mono-(3-carboxypropyl) phthalate	1	Normal	All	Both	0.00053 (0.00047-0.00061) umol/mmol creatinine	NULL
5001	Mono-benzyl phthalate	6671	Mono-benzyl phthalate Exposure	All	Both	0.012 (0.011-0.013) umol/mmol creatinine	Total population (2011 - 2012)
5001	Mono-benzyl phthalate	1	Normal	All	Both	0.0023 (0.0021-0.0024) umol/mmol creatinine	NULL
5001	Mono-benzyl phthalate	6671	Mono-benzyl phthalate Exposure	All	Both	0.011 (0.0094-0.014) umol/mmol creatinine	Total population (2013 - 2014)
5001	Mono-benzyl phthalate	1	Normal	All	Both	0.0020 (0.0018-0.0021) umol/mmol creatinine	NULL
5001	Mono-benzyl phthalate	6671	Mono-benzyl phthalate Exposure	All	Both	0.016 (0.014-0.019) umol/mmol creatinine	Total population (2015 - 2016)
5001	Mono-benzyl phthalate	1	Normal	All	Both	0.0020 (0.0018-0.0023) umol/mmol creatinine	NULL
5002	Nitrate	6672	Nitrate Exposure	All	Both	249.93 (213.45-279.12) umol/mmol creatinine	Total population (2011 - 2012)
5002	Nitrate	1	Normal	All	Both	87.20 (82.64-91.95) umol/mmol creatinine	NULL
5002	Nitrate	6672	Nitrate Exposure	All	Both	224.39 (211.62-242.64) umol/mmol creatinine	Total population (2013 - 2014)
5002	Nitrate	1	Normal	All	Both	86.11 (82.46-90.12) umol/mmol creatinine	NULL
5003	o-Xylene	6674	o-Xylene Exposure	All	Both	0.00073 (0.00058-0.00086) uM	Total population (2011 - 2012)
5003	o-Xylene	1	Normal	All	Both	0 uM	NULL
5003	o-Xylene	6674	o-Xylene Exposure	All	Both	0.00062 (0.00056-0.00071) uM	Total population (2013 - 2014)
5003	o-Xylene	6674	o-Xylene Exposure	All	Both	0.00066 (0.00057-0.00074) uM	Total population (2015 - 2016)
5004	Pentachlorophenol	6675	Pentachlorophenol Exposure	All	Both	0.0015 (0.0011-0.0017) umol/mmol creatinine	Total population (2003 - 2004)
5004	Pentachlorophenol	1	Normal	All	Both	0 umol/mmol creatinine	NULL
5005	perchlorate	6676	Perchlorate Exposure	All	Both	0.0074 (0.0056-0.0088) umol/mmol creatinine	Total population (2011 - 2012)
5005	perchlorate	1	Normal	All	Both	0.0017 (0.0016-0.0018) umol/mmol creatinine	NULL
5005	perchlorate	6676	Perchlorate Exposure	All	Both	0.0054 (0.0049-0.0063) umol/mmol creatinine	Total population (2013 - 2014)
5005	perchlorate	1	Normal	All	Both	0.0015 (0.0014-0.0017) umol/mmol creatinine	NULL
5006	Perchloroethylene	6677	Perchloroethylene Exposure	All	Both	0.00075 (0.00058-0.00092) uM	Total population (2011 - 2012)
5006	Perchloroethylene	1	Normal	All	Both	0 uM	NULL
5006	Perchloroethylene	6677	Perchloroethylene Exposure	All	Both	0.00050 (0.00039-0.00063) uM	Total population (2013 - 2014)
5006	Perchloroethylene	6677	Perchloroethylene Exposure	All	Both	0.00045 (0-0.00067) uM	Total population (2015 - 2016)
5007	Perfluorodecanoic acid	6678	Perfluorodecanoic acid Exposure	All	Both	0.0013 (0.0012-0.0015) uM	Total population (2011 - 2012)
5007	Perfluorodecanoic acid	1	Normal	All	Both	0.00039 (0.00035-0.00043) uM	NULL
5007	Perfluorodecanoic acid	6678	Perfluorodecanoic acid Exposure	All	Both	0.0014 (0.0012-0.0018) uM	Total population (2013 - 2014)
5007	Perfluorodecanoic acid	1	Normal	All	Both	0.00036 (0.00032-0.00040) uM	NULL
5007	Perfluorodecanoic acid	6678	Perfluorodecanoic acid Exposure	All	Both	0.0014 (0.00097-0.0018) uM	Total population (2015 - 2016)
5007	Perfluorodecanoic acid	1	Normal	All	Both	0.00030 (0.00027-0.00033) uM	NULL
5008	Perfluorohexane sulfonic acid	6679	Perfluorohexane sulfonic acid Exposure	All	Both	0.014 (0.012-0.017) uM	Total population (2011 - 2012)
5008	Perfluorohexane sulfonic acid	1	Normal	All	Both	0.0032 (0.0029-0.0036) uM	NULL
5008	Perfluorohexane sulfonic acid	6679	Perfluorohexane sulfonic acid Exposure	All	Both	0.014 (0.012-0.018) uM	Total population (2013 - 2014)
5008	Perfluorohexane sulfonic acid	1	Normal	All	Both	0.0034 (0.0030-0.0038) uM	NULL
5008	Perfluorohexane sulfonic acid	6679	Perfluorohexane sulfonic acid Exposure	All	Both	0.012 (0.010-0.014) uM	Total population (2015 - 2016)
5008	Perfluorohexane sulfonic acid	1	Normal	All	Both	0.0029 (0.0027-0.0032) uM	NULL
5009	Perfluorononanoic acid	6680	Perfluorononanoic acid Exposure	All	Both	0.0055 (0.0049-0.0062) uM	Total population (2011 - 2012)
5009	Perfluorononanoic acid	1	Normal	All	Both	0.0019 (0.0017-0.0021) uM	NULL
5009	Perfluorononanoic acid	6680	Perfluorononanoic acid Exposure	All	Both	0.0043 (0.0039-0.0050) uM	Total population (2013 - 2014)
5009	Perfluorononanoic acid	1	Normal	All	Both	0.0015 (0.0013-0.0016) uM	NULL
5009	Perfluorononanoic acid	6680	Perfluorononanoic acid Exposure	All	Both	0.0041 (0.0032-0.0047) uM	Total population (2015 - 2016)
5009	Perfluorononanoic acid	1	Normal	All	Both	0.0012 (0.0012-0.0013) uM	NULL
5010	Perfluorooctane sulfonamide	6681	Perfluorooctane sulfonamide Exposure	All	Both	0.0028 (0.0020-0.0040) uM	Total population (1999 - 2000)
5010	Perfluorooctane sulfonamide	1	Normal	All	Both	0.00071 (0.00059-0.00085) uM	NULL
5010	Perfluorooctane sulfonamide	6681	Perfluorooctane sulfonamide Exposure	All	Both	0.00060 (0.00060-0.00080) uM	Total population (2003 - 2004)
5010	Perfluorooctane sulfonamide	1	Normal	All	Both	0 uM	NULL
5010	Perfluorooctane sulfonamide	6681	Perfluorooctane sulfonamide Exposure	All	Both	0.00060 (0.00040-0.0010) uM	Total population (2005 - 2006)
5011	Perfluorooctanesulfonic acid	6682	Perfluorooctanesulfonic acid Exposure	All	Both	0.15 (0.12-0.19) uM	Total population (1999 - 2000)
5011	Perfluorooctanesulfonic acid	1	Normal	All	Both	0.061 (0.054-0.068) uM	NULL
5011	Perfluorooctanesulfonic acid	6682	Perfluorooctanesulfonic acid Exposure	All	Both	0.11 (0.088-0.13) uM	Total population (2003 - 2004)
5011	Perfluorooctanesulfonic acid	1	Normal	All	Both	0.041 (0.038-0.045) uM	NULL
5011	Perfluorooctanesulfonic acid	6682	Perfluorooctanesulfonic acid Exposure	All	Both	0.095 (0.085-0.11) uM	Total population (2005 - 2006)
5011	Perfluorooctanesulfonic acid	1	Normal	All	Both	0.034 (0.032-0.036) uM	NULL
5011	Perfluorooctanesulfonic acid	6682	Perfluorooctanesulfonic acid Exposure	All	Both	0.081 (0.071-0.095) uM	Total population (2007 - 2008)
5011	Perfluorooctanesulfonic acid	1	Normal	All	Both	0.026 (0.024-0.028) uM	NULL
5011	Perfluorooctanesulfonic acid	6682	Perfluorooctanesulfonic acid Exposure	All	Both	0.064 (0.045-0.097) uM	Total population (2009 - 2010)
5011	Perfluorooctanesulfonic acid	1	Normal	All	Both	0.019 (0.016-0.021) uM	NULL
5011	Perfluorooctanesulfonic acid	6682	Perfluorooctanesulfonic acid Exposure	All	Both	0.043 (0.039-0.048) uM	Total population (2011 - 2012)
5011	Perfluorooctanesulfonic acid	1	Normal	All	Both	0.013 (0.012-0.014) uM	NULL
5011	Perfluorooctanesulfonic acid	6682	Perfluorooctanesulfonic acid Exposure	All	Both	0.028 (0.022-0.033) uM	Total population (2013 - 2014)
5011	Perfluorooctanesulfonic acid	1	Normal	All	Both	0.0069 (0.0062-0.0077) uM	NULL
5011	Perfluorooctanesulfonic acid	6682	Perfluorooctanesulfonic acid Exposure	All	Both	0.015 (0.011-0.017) uM	Total population (2013 - 2014)
5011	Perfluorooctanesulfonic acid	1	Normal	All	Both	0.0050 (0.0046-0.0055) uM	NULL
5011	Perfluorooctanesulfonic acid	6682	Perfluorooctanesulfonic acid Exposure	All	Both	0.037 (0.031-0.044) uM	Total population (2013 - 2014)
5011	Perfluorooctanesulfonic acid	1	Normal	All	Both	0.0100 (0.0090-0.011) uM	NULL
5011	Perfluorooctanesulfonic acid	6682	Perfluorooctanesulfonic acid Exposure	All	Both	0.022 (0.018-0.025) uM	Total population (2013 - 2014)
5011	Perfluorooctanesulfonic acid	1	Normal	All	Both	0.0078 (0.0071-0.0085) uM	NULL
5011	Perfluorooctanesulfonic acid	6682	Perfluorooctanesulfonic acid Exposure	All	Both	0.026 (0.020-0.036) uM	Total population (2015 - 2016)
5011	Perfluorooctanesulfonic acid	1	Normal	All	Both	0.0064 (0.0059-0.0070) uM	NULL
5011	Perfluorooctanesulfonic acid	6682	Perfluorooctanesulfonic acid Exposure	All	Both	0.037 (0.031-0.045) uM	Total population (2015 - 2016)
5011	Perfluorooctanesulfonic acid	1	Normal	All	Both	0.0094 (0.0088-0.010) uM	NULL
5012	Perfluorooctanoic acid	6683	Perfluorooctanoic acid Exposure	All	Both	0.014 (0.012-0.016) uM	Total population (2011 - 2012)
5012	Perfluorooctanoic acid	1	Normal	All	Both	0.0050 (0.0047-0.0054) uM	NULL
5012	Perfluorooctanoic acid	6683	Perfluorooctanoic acid Exposure	All	Both	0.013 (0.011-0.014) uM	Total population (2013 - 2014)
5012	Perfluorooctanoic acid	1	Normal	All	Both	0.0044 (0.0040-0.0049) uM	NULL
5012	Perfluorooctanoic acid	6683	Perfluorooctanoic acid Exposure	All	Both	0.0098 (0.0085-0.013) uM	Total population (2013 - 2014)
5012	Perfluorooctanoic acid	6683	Perfluorooctanoic acid Exposure	All	Both	0.013 (0.011-0.015) uM	Total population (2013 - 2014)
5012	Perfluorooctanoic acid	1	Normal	All	Both	0.0047 (0.0043-0.0052) uM	NULL
5012	Perfluorooctanoic acid	6683	Perfluorooctanoic acid Exposure	All	Both	0.010 (0.0087-0.013) uM	Total population (2013 - 2014)
5012	Perfluorooctanoic acid	1	Normal	All	Both	0.0046 (0.0042-0.0051) uM	NULL
5012	Perfluorooctanoic acid	6683	Perfluorooctanoic acid Exposure	All	Both	0.0099 (0.0092-0.011) uM	Total population (2015 - 2016)
5012	Perfluorooctanoic acid	1	Normal	All	Both	0.0035 (0.0033-0.0038) uM	NULL
5012	Perfluorooctanoic acid	6683	Perfluorooctanoic acid Exposure	All	Both	0.010 (0.0093-0.011) uM	Total population (2015 - 2016)
5012	Perfluorooctanoic acid	1	Normal	All	Both	0.0038 (0.0036-0.0040) uM	NULL
5013	Perfluoroundecanoic acid	6684	Perfluoroundecanoic acid Exposure	All	Both	0.0011 (0.00078-0.0014) uM	Total population (2011 - 2012)
5013	Perfluoroundecanoic acid	1	Normal	All	Both	0 uM	NULL
5013	Perfluoroundecanoic acid	6684	Perfluoroundecanoic acid Exposure	All	Both	0.00089 (0.00071-0.0011) uM	Total population (2013 - 2014)
5013	Perfluoroundecanoic acid	6684	Perfluoroundecanoic acid Exposure	All	Both	0.00050 (0.00037-0.00085) uM	Total population (2013 - 2014)
5013	Perfluoroundecanoic acid	6684	Perfluoroundecanoic acid Exposure	All	Both	0.00071 (0.00053-0.00089) uM	Total population (2015 - 2016)
5014	Styrene	6685	Styrene Exposure	All	Both	0.0019 (0.0013-0.0025) uM	Total population (2001 - 2002)
5014	Styrene	1	Normal	All	Both	0 uM	NULL
5014	Styrene	6685	Styrene Exposure	All	Both	0.0012 (0.0011-0.0012) uM	Total population (2003 - 2004)
5014	Styrene	6685	Styrene Exposure	All	Both	0.0013 (0.0012-0.0015) uM	Total population (2005 - 2006)
5014	Styrene	6685	Styrene Exposure	All	Both	0.0012 (0.0011-0.0014) uM	Total population (2007 - 2008)
5014	Styrene	6685	Styrene Exposure	All	Both	0.0013 (0.0010-0.0018) uM	Total population (2009 - 2010)
5015	Thallium	6686	Thallium Exposure	All	Both	0.00020 (0.00017-0.00023) umol/mmol creatinine	Total population (2011 - 2012)
5015	Thallium	1	Normal	All	Both	0 umol/mmol creatinine	NULL
5015	Thallium	6686	Thallium Exposure	All	Both	0.00020 (0.00019-0.00021) umol/mmol creatinine	Total population (2013 - 2014)
5015	Thallium	6686	Thallium Exposure	All	Both	0.00020 (0.00019-0.00022) umol/mmol creatinine	Total population (2015 - 2016)
5016	Toluene	6688	Toluene Exposure	All	Both	0.012 (0.0076-0.016) uM	Total population (2001 - 2002)
5016	Toluene	1	Normal	All	Both	0.0017 (0.0013-0.0021) uM	NULL
5016	Toluene	6688	Toluene Exposure	All	Both	0.0074 (0.0061-0.0096) uM	Total population (2003 - 2004)
5016	Toluene	1	Normal	All	Both	0.0012 (0.0011-0.0014) uM	NULL
5016	Toluene	6688	Toluene Exposure	All	Both	0.0088 (0.0076-0.010) uM	Total population (2005 - 2006)
5016	Toluene	1	Normal	All	Both	0.0015 (0.0013-0.0016) uM	NULL
5016	Toluene	6688	Toluene Exposure	All	Both	0.0080 (0.0069-0.0096) uM	Total population (2007 - 2008)
5016	Toluene	1	Normal	All	Both	0.0011 (0.00098-0.0013) uM	NULL
5016	Toluene	6688	Toluene Exposure	All	Both	0.0090 (0.0069-0.011) uM	Total population (2009 - 2010)
5016	Toluene	1	Normal	All	Both	0.00092 (0.00081-0.0010) uM	NULL
5016	Toluene	6688	Toluene Exposure	All	Both	0.0077 (0.0068-0.0088) uM	Total population (2013 - 2014)
5016	Toluene	1	Normal	All	Both	0.00094 (0.00087-0.0010) uM	NULL
5016	Toluene	6688	Toluene Exposure	All	Both	0.0080 (0.0070-0.0090) uM	Total population (2015 - 2016)
5016	Toluene	1	Normal	All	Both	0.00100 (0.00089-0.0011) uM	NULL
5017	Triclosan	6689	Triclosan Exposure	All	Both	0.14 (0.11-0.18) umol/mmol creatinine	Total population (2003 - 2004)
5017	Triclosan	1	Normal	All	Both	0.0050 (0.0045-0.0055) umol/mmol creatinine	NULL
5017	Triclosan	6689	Triclosan Exposure	All	Both	0.21 (0.17-0.26) umol/mmol creatinine	Total population (2005 - 2006)
5017	Triclosan	1	Normal	All	Both	0.0070 (0.0063-0.0079) umol/mmol creatinine	NULL
5017	Triclosan	6689	Triclosan Exposure	All	Both	0.17 (0.13-0.22) umol/mmol creatinine	Total population (2007 - 2008)
5017	Triclosan	1	Normal	All	Both	0.0061 (0.0054-0.0068) umol/mmol creatinine	NULL
5017	Triclosan	6689	Triclosan Exposure	All	Both	0.18 (0.14-0.22) umol/mmol creatinine	Total population (2009 - 2010)
5017	Triclosan	1	Normal	All	Both	0.0059 (0.0052-0.0068) umol/mmol creatinine	NULL
5017	Triclosan	6689	Triclosan Exposure	All	Both	0.25 (0.20-0.31) umol/mmol creatinine	Total population (2011 - 2012)
5017	Triclosan	1	Normal	All	Both	0.0052 (0.0046-0.0059) umol/mmol creatinine	NULL
5017	Triclosan	6689	Triclosan Exposure	All	Both	0.14 (0.11-0.17) umol/mmol creatinine	Total population (2013 - 2014)
5017	Triclosan	1	Normal	All	Both	0.0038 (0.0035-0.0042) umol/mmol creatinine	NULL